city,day,temp_min,temp,temp_max,precipitation,weather
Oslo,2024-01-01,-5.7,-4.7,-3.7,13.4,snow
Oslo,2024-01-02,-8.4,-6.9,-4.7,0.8,snow
Oslo,2024-01-03,-9.6,-8.8,-7.7,0.0,cloudy
Oslo,2024-01-04,-18.1,-11.9,-8.8,0.0,cloudy
Oslo,2024-01-05,-25.9,-22.4,-17.2,0.0,cloudy
Oslo,2024-01-06,-27.2,-23.6,-18.0,0.0,cloudy
Oslo,2024-01-07,-17.0,-11.0,-9.0,0.0,cloudy
Oslo,2024-01-08,-16.1,-14.5,-12.5,0.0,cloudy
Oslo,2024-01-09,-14.3,-10.9,-7.4,0.0,cloudy
Oslo,2024-01-10,-9.6,-7.8,-5.0,0.0,cloudy
Oslo,2024-01-11,-9.4,-3.1,2.4,0.0,cloudy
Oslo,2024-01-12,-9.8,-7.7,-4.6,0.0,cloudy
Oslo,2024-01-13,-10.3,-5.5,-2.2,2.0,snow
Oslo,2024-01-14,-6.0,-4.1,-0.3,4.0,snow
Oslo,2024-01-15,-17.9,-11.8,-3.1,0.5,snow
Oslo,2024-01-16,-21.8,-16.2,-7.9,4.2,snow
Oslo,2024-01-17,-11.5,-7.7,-4.9,13.9,snow
Oslo,2024-01-18,-15.2,-13.0,-10.8,0.0,cloudy
Oslo,2024-01-19,-19.3,-15.7,-13.0,0.1,snow
Oslo,2024-01-20,-20.6,-16.3,-9.9,1.0,snow
Oslo,2024-01-21,-9.4,-2.8,2.5,3.8,snow
Oslo,2024-01-22,2.9,4.6,5.9,19.7,snow
Oslo,2024-01-23,-1.7,3.0,5.5,0.0,cloudy
Oslo,2024-01-24,-5.2,0.8,2.4,9.4,snow
Oslo,2024-01-25,-5.9,-3.4,1.6,0.0,cloudy
Oslo,2024-01-26,-10.6,-1.9,1.6,12.5,snow
Oslo,2024-01-27,-6.6,-1.7,3.5,0.0,cloudy
Oslo,2024-01-28,2.5,3.1,3.6,0.0,cloudy
Oslo,2024-01-29,-1.1,2.2,3.4,0.0,cloudy
Oslo,2024-01-30,-6.2,-2.1,0.1,4.5,snow
Oslo,2024-01-31,-7.2,-2.5,3.4,1.3,drizzle
Oslo,2024-02-01,-1.1,1.7,3.7,0.0,cloudy
Oslo,2024-02-02,-6.4,-0.0,3.5,2.9,snow
Oslo,2024-02-03,2.1,4.6,8.1,0.0,cloudy
Oslo,2024-02-04,-4.7,-0.4,2.1,0.7,snow
Oslo,2024-02-05,-11.3,-2.8,0.6,0.0,cloudy
Oslo,2024-02-06,-14.3,-10.7,-6.6,2.1,snow
Oslo,2024-02-07,-14.4,-8.4,-6.3,0.8,snow
Oslo,2024-02-08,-14.9,-11.8,-8.5,0.0,cloudy
Oslo,2024-02-09,-13.7,-11.5,-9.3,0.0,cloudy
Oslo,2024-02-10,-9.8,-8.2,-6.7,1.0,snow
Oslo,2024-02-11,-6.7,-5.8,-4.7,1.3,snow
Oslo,2024-02-12,-6.4,-4.5,-3.3,11.8,snow
Oslo,2024-02-13,-6.3,-3.7,-2.2,6.1,snow
Oslo,2024-02-14,-10.2,-3.8,1.0,0.2,snow
Oslo,2024-02-15,-2.4,-0.2,2.4,6.4,snow
Oslo,2024-02-16,1.1,1.5,1.9,21.8,snow
Oslo,2024-02-17,-7.8,-2.1,2.0,0.0,cloudy
Oslo,2024-02-18,-9.1,-2.7,1.1,4.9,snow
Oslo,2024-02-19,-5.5,-1.0,1.1,0.0,cloudy
Oslo,2024-02-20,-7.1,-3.1,1.6,2.7,drizzle
Oslo,2024-02-21,0.1,1.5,2.6,0.7,drizzle
Oslo,2024-02-22,1.3,3.2,4.1,5.9,snow
Oslo,2024-02-23,2.5,3.3,4.2,8.0,snow
Oslo,2024-02-24,1.8,2.6,3.7,2.4,snow
Oslo,2024-02-25,1.5,2.2,3.7,1.9,snow
Oslo,2024-02-26,-2.8,1.1,3.5,0.0,cloudy
Oslo,2024-02-27,-8.7,-2.1,2.6,0.0,cloudy
Oslo,2024-02-28,1.3,2.5,4.5,2.0,snow
Oslo,2024-02-29,2.2,3.3,4.1,7.8,snow
Oslo,2024-03-01,3.1,3.6,4.6,4.3,drizzle
Oslo,2024-03-02,2.6,3.3,5.0,6.3,drizzle
Oslo,2024-03-03,2.5,3.1,4.1,8.7,rain
Oslo,2024-03-04,1.7,3.1,5.9,4.3,snow
Oslo,2024-03-05,0.2,2.1,4.4,0.0,cloudy
Oslo,2024-03-06,-3.2,0.2,3.8,0.0,cloudy
Oslo,2024-03-07,-4.7,-0.6,4.9,0.0,clear
Oslo,2024-03-08,-3.9,-0.2,5.2,0.0,clear
Oslo,2024-03-09,-2.8,-0.2,2.1,0.0,cloudy
Oslo,2024-03-10,-2.1,-0.9,0.3,0.0,cloudy
Oslo,2024-03-11,-2.9,-0.6,2.6,0.1,snow
Oslo,2024-03-12,-3.6,-0.3,5.8,0.0,cloudy
Oslo,2024-03-13,-1.5,1.9,4.1,1.7,drizzle
Oslo,2024-03-14,4.1,5.9,9.6,1.2,drizzle
Oslo,2024-03-15,3.5,4.1,5.1,11.9,rain
Oslo,2024-03-16,-0.8,2.0,4.5,12.8,snow
Oslo,2024-03-17,-4.6,-1.5,3.0,0.0,cloudy
Oslo,2024-03-18,-3.0,-0.9,2.0,0.0,cloudy
Oslo,2024-03-19,-0.5,1.1,2.9,1.5,snow
Oslo,2024-03-20,0.8,2.7,6.6,1.5,snow
Oslo,2024-03-21,0.1,3.0,7.0,3.2,snow
Oslo,2024-03-22,2.0,4.9,9.8,0.1,drizzle
Oslo,2024-03-23,0.5,3.5,7.7,0.1,drizzle
Oslo,2024-03-24,1.7,3.5,6.0,2.9,snow
Oslo,2024-03-25,0.4,1.5,3.0,5.2,snow
Oslo,2024-03-26,-0.1,1.6,3.2,2.8,snow
Oslo,2024-03-27,1.4,3.1,4.5,2.1,snow
Oslo,2024-03-28,2.1,5.0,9.6,4.5,rain
Oslo,2024-03-29,4.3,5.9,7.4,4.1,drizzle
Oslo,2024-03-30,4.2,5.9,8.6,0.2,drizzle
Oslo,2024-03-31,2.2,6.2,8.8,6.2,rain
Oslo,2024-04-01,0.6,5.9,11.7,0.0,cloudy
Oslo,2024-04-02,0.8,2.8,5.4,0.0,cloudy
Oslo,2024-04-03,-2.6,0.3,3.0,0.0,cloudy
Oslo,2024-04-04,-2.5,-1.6,-0.7,5.0,snow
Oslo,2024-04-05,-1.4,0.7,3.5,8.5,snow
Oslo,2024-04-06,0.7,3.1,6.2,2.4,snow
Oslo,2024-04-07,3.4,7.6,12.9,1.3,drizzle
Oslo,2024-04-08,5.4,8.2,13.1,1.5,drizzle
Oslo,2024-04-09,5.2,8.1,12.3,6.1,drizzle
Oslo,2024-04-10,5.7,8.0,12.1,2.0,drizzle
Oslo,2024-04-11,4.5,8.9,16.4,6.4,rain
Oslo,2024-04-12,2.9,8.2,12.6,0.0,cloudy
Oslo,2024-04-13,3.2,9.3,15.6,0.5,drizzle
Oslo,2024-04-14,2.7,8.0,11.8,1.9,drizzle
Oslo,2024-04-15,-0.3,5.5,10.6,0.0,cloudy
Oslo,2024-04-16,1.4,5.3,10.2,0.0,cloudy
Oslo,2024-04-17,0.8,5.1,8.9,0.3,drizzle
Oslo,2024-04-18,-1.7,3.4,7.1,0.5,snow
Oslo,2024-04-19,0.1,3.4,6.5,3.0,snow
Oslo,2024-04-20,0.4,5.0,8.9,0.2,drizzle
Oslo,2024-04-21,1.3,5.1,9.3,0.0,cloudy
Oslo,2024-04-22,-1.8,3.1,7.8,0.0,clear
Oslo,2024-04-23,-0.1,4.9,9.1,1.2,drizzle
Oslo,2024-04-24,1.8,5.0,9.1,0.6,drizzle
Oslo,2024-04-25,2.1,4.3,8.2,4.3,snow
Oslo,2024-04-26,-0.2,4.3,9.3,3.5,snow
Oslo,2024-04-27,0.1,6.0,10.6,0.1,drizzle
Oslo,2024-04-28,2.1,5.0,7.6,5.1,rain
Oslo,2024-04-29,5.4,8.7,11.9,6.6,rain
Oslo,2024-04-30,4.1,10.3,15.9,0.0,cloudy
Oslo,2024-05-01,7.5,13.7,20.1,0.0,cloudy
Oslo,2024-05-02,7.6,13.6,20.3,0.0,cloudy
Oslo,2024-05-03,7.1,13.6,20.8,0.0,cloudy
Oslo,2024-05-04,6.1,14.5,22.3,0.0,cloudy
Oslo,2024-05-05,9.0,12.0,15.2,1.6,drizzle
Oslo,2024-05-06,8.2,10.6,13.1,6.5,rain
Oslo,2024-05-07,8.4,11.0,14.8,0.0,cloudy
Oslo,2024-05-08,6.3,11.7,17.7,0.1,drizzle
Oslo,2024-05-09,9.0,11.6,15.6,1.2,drizzle
Oslo,2024-05-10,6.8,10.7,14.0,0.0,cloudy
Oslo,2024-05-11,6.9,13.0,18.3,0.0,cloudy
Oslo,2024-05-12,7.8,13.7,20.7,0.0,cloudy
Oslo,2024-05-13,7.4,14.8,20.8,0.0,cloudy
Oslo,2024-05-14,8.6,15.6,21.6,0.0,cloudy
Oslo,2024-05-15,8.7,16.8,23.6,0.0,cloudy
Oslo,2024-05-16,9.4,17.2,23.1,0.0,cloudy
Oslo,2024-05-17,9.4,17.2,23.0,0.0,clear
Oslo,2024-05-18,9.0,17.6,23.4,0.0,clear
Oslo,2024-05-19,10.4,18.3,24.5,0.0,cloudy
Oslo,2024-05-20,13.3,17.5,21.5,0.0,cloudy
Oslo,2024-05-21,10.8,17.6,23.0,0.0,clear
Oslo,2024-05-22,11.2,18.5,25.5,0.0,cloudy
Oslo,2024-05-23,13.6,20.3,25.7,0.1,drizzle
Oslo,2024-05-24,14.4,18.7,23.7,0.1,drizzle
Oslo,2024-05-25,14.3,19.8,24.4,2.8,rain
Oslo,2024-05-26,14.6,20.6,26.2,3.2,drizzle
Oslo,2024-05-27,15.2,17.1,21.4,28.9,rain
Oslo,2024-05-28,14.1,17.5,22.4,10.0,rain
Oslo,2024-05-29,12.7,15.6,18.7,5.2,rain
Oslo,2024-05-30,13.5,15.5,19.0,16.8,rain
Oslo,2024-05-31,13.1,19.0,24.2,1.3,drizzle
Oslo,2024-06-01,14.8,20.2,24.9,0.3,drizzle
Oslo,2024-06-02,16.8,20.5,24.5,0.0,cloudy
Oslo,2024-06-03,15.9,19.5,22.1,0.0,cloudy
Oslo,2024-06-04,11.9,14.7,17.4,0.9,drizzle
Oslo,2024-06-05,12.0,13.5,15.5,34.4,rain
Oslo,2024-06-06,8.5,11.8,14.9,1.2,drizzle
Oslo,2024-06-07,9.3,11.4,15.1,4.8,rain
Oslo,2024-06-08,8.4,9.9,12.1,13.0,rain
Oslo,2024-06-09,6.7,10.2,14.5,3.8,rain
Oslo,2024-06-10,5.1,12.4,17.1,1.8,drizzle
Oslo,2024-06-11,8.1,14.0,18.6,0.0,cloudy
Oslo,2024-06-12,10.1,13.0,16.2,12.8,rain
Oslo,2024-06-13,9.4,12.8,16.8,0.6,drizzle
Oslo,2024-06-14,10.0,13.0,15.4,1.4,drizzle
Oslo,2024-06-15,11.4,14.8,19.5,8.6,rain
Oslo,2024-06-16,12.1,14.3,17.6,11.0,rain
Oslo,2024-06-17,12.1,14.5,17.5,22.0,rain
Oslo,2024-06-18,10.8,13.6,16.4,3.2,drizzle
Oslo,2024-06-19,9.7,15.1,20.1,0.3,drizzle
Oslo,2024-06-20,13.0,17.0,21.4,0.0,cloudy
Oslo,2024-06-21,10.5,16.2,20.9,0.0,cloudy
Oslo,2024-06-22,11.2,14.3,18.0,5.6,rain
Oslo,2024-06-23,12.2,15.5,19.4,1.0,drizzle
Oslo,2024-06-24,10.8,17.7,23.0,0.0,cloudy
Oslo,2024-06-25,14.0,17.3,21.1,0.0,cloudy
Oslo,2024-06-26,14.4,18.7,23.5,0.0,cloudy
Oslo,2024-06-27,13.4,20.8,27.0,0.1,drizzle
Oslo,2024-06-28,15.0,18.6,20.9,10.5,rain
Oslo,2024-06-29,13.4,16.0,18.8,0.1,drizzle
Oslo,2024-06-30,12.0,15.3,17.7,0.4,drizzle
Oslo,2024-07-01,11.9,16.8,21.5,0.0,cloudy
Oslo,2024-07-02,12.6,15.9,18.4,0.0,cloudy
Oslo,2024-07-03,13.1,16.2,19.5,2.7,rain
Oslo,2024-07-04,10.9,12.8,15.0,15.0,rain
Oslo,2024-07-05,9.5,12.9,16.2,0.9,drizzle
Oslo,2024-07-06,9.3,13.7,17.6,0.3,drizzle
Oslo,2024-07-07,11.9,14.0,16.5,17.6,rain
Oslo,2024-07-08,11.1,14.6,18.1,0.1,drizzle
Oslo,2024-07-09,10.4,15.5,19.5,0.0,cloudy
Oslo,2024-07-10,11.1,14.0,16.5,25.2,rain
Oslo,2024-07-11,14.7,17.1,20.4,0.4,drizzle
Oslo,2024-07-12,13.4,17.4,20.8,0.0,cloudy
Oslo,2024-07-13,12.5,19.4,24.7,0.1,drizzle
Oslo,2024-07-14,14.8,16.2,17.8,24.2,rain
Oslo,2024-07-15,13.1,15.4,17.0,29.8,rain
Oslo,2024-07-16,11.6,16.1,20.1,2.4,drizzle
Oslo,2024-07-17,14.8,16.2,18.0,13.7,rain
Oslo,2024-07-18,14.4,19.2,23.4,0.0,cloudy
Oslo,2024-07-19,13.0,18.5,23.3,0.0,cloudy
Oslo,2024-07-20,13.6,19.2,24.4,0.0,cloudy
Oslo,2024-07-21,13.6,20.3,25.8,0.5,drizzle
Oslo,2024-07-22,16.5,17.7,18.7,23.3,rain
Oslo,2024-07-23,15.1,17.9,21.2,3.6,drizzle
Oslo,2024-07-24,14.5,16.8,19.0,4.9,rain
Oslo,2024-07-25,14.5,17.5,20.9,0.0,cloudy
Oslo,2024-07-26,15.4,16.2,17.3,18.9,rain
Oslo,2024-07-27,15.3,17.3,20.5,2.4,drizzle
Oslo,2024-07-28,13.8,18.0,22.2,0.1,drizzle
Oslo,2024-07-29,12.8,17.2,21.6,0.0,cloudy
Oslo,2024-07-30,11.9,17.5,21.8,0.0,cloudy
Oslo,2024-07-31,15.4,18.9,22.9,0.0,cloudy
Oslo,2024-08-01,12.9,17.4,21.0,0.0,cloudy
Oslo,2024-08-02,13.3,17.8,22.3,0.0,cloudy
Oslo,2024-08-03,12.5,17.8,22.3,0.0,cloudy
Oslo,2024-08-04,15.5,17.6,20.2,13.7,rain
Oslo,2024-08-05,14.3,18.3,23.2,0.0,cloudy
Oslo,2024-08-06,15.4,18.3,21.6,0.0,cloudy
Oslo,2024-08-07,16.4,18.9,22.6,6.8,rain
Oslo,2024-08-08,14.7,17.3,19.6,2.7,rain
Oslo,2024-08-09,14.3,15.9,18.4,8.1,rain
Oslo,2024-08-10,13.6,16.8,20.2,0.0,cloudy
Oslo,2024-08-11,14.1,17.5,21.9,0.0,cloudy
Oslo,2024-08-12,11.7,16.4,20.3,0.0,cloudy
Oslo,2024-08-13,11.2,16.4,20.5,0.2,drizzle
Oslo,2024-08-14,14.7,17.9,21.7,0.5,drizzle
Oslo,2024-08-15,16.1,17.7,20.7,6.5,rain
Oslo,2024-08-16,14.8,17.1,20.2,0.5,drizzle
Oslo,2024-08-17,12.3,15.9,19.3,0.3,drizzle
Oslo,2024-08-18,12.0,15.1,18.1,0.8,drizzle
Oslo,2024-08-19,11.6,15.5,19.2,0.0,cloudy
Oslo,2024-08-20,14.8,16.5,18.9,2.5,drizzle
Oslo,2024-08-21,13.1,16.0,17.9,20.9,rain
Oslo,2024-08-22,10.8,14.0,15.9,10.8,rain
Oslo,2024-08-23,13.8,15.1,16.7,16.5,rain
Oslo,2024-08-24,11.6,14.1,16.9,6.3,rain
Oslo,2024-08-25,12.9,14.9,18.2,6.0,rain
Oslo,2024-08-26,11.8,15.2,19.0,1.7,drizzle
Oslo,2024-08-27,11.0,14.5,17.5,0.4,drizzle
Oslo,2024-08-28,15.2,17.6,20.6,0.0,cloudy
Oslo,2024-08-29,13.2,16.9,20.5,16.2,rain
Oslo,2024-08-30,12.7,16.0,18.7,0.9,drizzle
Oslo,2024-08-31,10.6,15.3,19.4,0.0,cloudy
Oslo,2024-09-01,9.2,14.7,19.3,0.0,cloudy
Oslo,2024-09-02,11.1,12.8,15.0,10.5,rain
Oslo,2024-09-03,11.3,15.0,19.1,11.5,rain
Oslo,2024-09-04,15.5,17.6,20.4,1.8,drizzle
Oslo,2024-09-05,14.9,19.2,25.6,0.4,drizzle
Oslo,2024-09-06,14.4,18.8,25.0,0.0,cloudy
Oslo,2024-09-07,13.6,17.9,23.6,0.8,drizzle
Oslo,2024-09-08,15.3,18.1,21.6,1.1,drizzle
Oslo,2024-09-09,15.3,17.2,18.8,31.8,rain
Oslo,2024-09-10,12.4,14.8,16.8,16.9,rain
Oslo,2024-09-11,10.2,12.0,14.1,0.7,drizzle
Oslo,2024-09-12,9.1,11.7,15.5,2.5,drizzle
Oslo,2024-09-13,6.7,11.0,15.3,0.1,drizzle
Oslo,2024-09-14,4.9,10.6,14.3,0.0,cloudy
Oslo,2024-09-15,6.5,11.4,15.5,0.5,drizzle
Oslo,2024-09-16,10.5,13.2,16.1,6.6,rain
Oslo,2024-09-17,10.0,12.1,15.4,0.0,cloudy
Oslo,2024-09-18,10.3,13.2,17.7,0.0,cloudy
Oslo,2024-09-19,8.9,12.9,18.8,0.0,cloudy
Oslo,2024-09-20,8.4,12.0,16.2,0.0,cloudy
Oslo,2024-09-21,10.8,13.2,15.7,0.0,cloudy
Oslo,2024-09-22,11.2,13.5,15.7,0.7,drizzle
Oslo,2024-09-23,11.0,12.8,15.9,0.2,drizzle
Oslo,2024-09-24,12.2,13.5,15.2,9.0,rain
Oslo,2024-09-25,10.5,12.7,14.0,11.2,rain
Oslo,2024-09-26,5.9,9.6,13.3,0.0,cloudy
Oslo,2024-09-27,4.9,9.0,12.2,0.0,cloudy
Oslo,2024-09-28,4.3,7.6,11.9,1.0,drizzle
Oslo,2024-09-29,2.2,6.9,11.0,0.0,cloudy
Oslo,2024-09-30,3.4,7.4,11.2,0.0,cloudy
Oslo,2024-10-01,5.8,8.0,11.4,0.1,drizzle
Oslo,2024-10-02,4.0,7.5,13.4,0.0,cloudy
Oslo,2024-10-03,3.1,8.2,13.3,0.0,cloudy
Oslo,2024-10-04,3.0,6.6,10.6,0.0,cloudy
Oslo,2024-10-05,6.3,8.5,10.5,0.3,drizzle
Oslo,2024-10-06,8.7,10.6,13.9,0.0,cloudy
Oslo,2024-10-07,7.1,9.3,10.7,4.1,drizzle
Oslo,2024-10-08,9.2,10.4,12.2,2.9,drizzle
Oslo,2024-10-09,10.5,11.8,13.7,4.1,drizzle
Oslo,2024-10-10,5.6,10.0,12.4,9.1,rain
Oslo,2024-10-11,2.2,6.0,9.6,0.0,cloudy
Oslo,2024-10-12,0.4,5.1,8.3,5.5,rain
Oslo,2024-10-13,3.2,7.4,9.6,1.3,drizzle
Oslo,2024-10-14,2.7,5.0,9.0,0.0,cloudy
Oslo,2024-10-15,0.3,3.9,7.5,0.0,cloudy
Oslo,2024-10-16,1.7,5.8,9.6,0.0,cloudy
Oslo,2024-10-17,4.4,7.6,9.9,0.3,drizzle
Oslo,2024-10-18,8.1,9.6,11.2,3.5,rain
Oslo,2024-10-19,8.5,11.0,12.8,3.5,drizzle
Oslo,2024-10-20,10.3,11.4,12.6,15.4,rain
Oslo,2024-10-21,8.6,12.1,14.5,3.1,drizzle
Oslo,2024-10-22,7.5,9.4,12.3,0.0,cloudy
Oslo,2024-10-23,7.0,9.2,11.4,0.0,cloudy
Oslo,2024-10-24,8.9,10.6,12.9,0.0,cloudy
Oslo,2024-10-25,8.4,9.7,11.3,0.0,cloudy
Oslo,2024-10-26,6.5,7.7,9.3,0.0,cloudy
Oslo,2024-10-27,6.7,9.4,11.1,10.7,rain
Oslo,2024-10-28,4.0,7.6,10.8,0.0,cloudy
Oslo,2024-10-29,1.7,4.9,7.7,0.0,cloudy
Oslo,2024-10-30,4.4,7.8,11.3,0.0,cloudy
Oslo,2024-10-31,5.0,9.7,12.3,0.0,cloudy
Oslo,2024-11-01,3.3,9.3,13.3,0.2,drizzle
Oslo,2024-11-02,0.5,3.6,6.1,0.0,cloudy
Oslo,2024-11-03,4.4,8.8,14.5,0.0,cloudy
Oslo,2024-11-04,3.3,6.1,9.0,0.0,cloudy
Oslo,2024-11-05,2.7,3.7,5.0,0.0,cloudy
Oslo,2024-11-06,2.6,4.1,5.0,0.0,cloudy
Oslo,2024-11-07,0.2,2.1,4.7,0.0,cloudy
Oslo,2024-11-08,1.5,4.6,7.1,0.0,cloudy
Oslo,2024-11-09,4.1,5.3,6.6,0.6,drizzle
Oslo,2024-11-10,3.6,3.9,4.8,2.7,snow
Oslo,2024-11-11,0.8,2.7,3.8,0.9,drizzle
Oslo,2024-11-12,-0.8,1.2,3.5,0.0,cloudy
Oslo,2024-11-13,0.8,2.0,3.4,0.1,drizzle
Oslo,2024-11-14,0.7,2.6,4.7,0.0,cloudy
Oslo,2024-11-15,2.9,4.7,6.1,0.0,cloudy
Oslo,2024-11-16,4.5,6.9,9.9,0.0,cloudy
Oslo,2024-11-17,1.4,3.9,7.4,0.0,cloudy
Oslo,2024-11-18,-0.8,0.4,3.1,0.0,cloudy
Oslo,2024-11-19,-1.4,-0.2,1.1,0.7,snow
Oslo,2024-11-20,-2.4,-0.8,0.6,0.1,snow
Oslo,2024-11-21,-4.4,-2.8,-0.6,0.0,cloudy
Oslo,2024-11-22,-6.5,-4.3,-2.2,0.0,cloudy
Oslo,2024-11-23,-3.5,-1.0,1.6,0.0,cloudy
Oslo,2024-11-24,-5.1,0.1,4.1,8.4,snow
Oslo,2024-11-25,2.8,5.9,8.3,11.7,rain
Oslo,2024-11-26,1.6,5.0,7.2,2.6,drizzle
Oslo,2024-11-27,1.2,2.7,4.0,0.2,drizzle
Oslo,2024-11-28,-3.4,-0.8,1.5,0.0,cloudy
Oslo,2024-11-29,-5.2,-1.3,1.6,1.4,snow
Oslo,2024-11-30,1.2,5.5,7.4,0.8,drizzle
Oslo,2024-12-01,4.3,7.1,9.2,0.3,drizzle
Oslo,2024-12-02,3.3,6.1,7.7,7.7,rain
Oslo,2024-12-03,-3.6,-0.5,3.2,0.0,cloudy
Oslo,2024-12-04,-6.4,-4.5,-2.1,0.0,cloudy
Oslo,2024-12-05,-2.1,-0.5,1.5,0.3,snow
Oslo,2024-12-06,0.8,1.4,1.9,6.4,snow
Oslo,2024-12-07,0.9,1.5,1.9,1.2,drizzle
Oslo,2024-12-08,-0.6,1.2,2.6,0.7,snow
Oslo,2024-12-09,-5.1,-2.5,2.4,0.0,cloudy
Oslo,2024-12-10,-6.3,-5.6,-3.8,0.0,cloudy
Oslo,2024-12-11,-6.3,-5.3,-3.2,0.0,cloudy
Oslo,2024-12-12,-6.4,-4.9,-2.6,0.0,cloudy
Oslo,2024-12-13,-6.1,-2.9,0.2,3.5,snow
Oslo,2024-12-14,-0.7,1.6,3.3,0.3,drizzle
Oslo,2024-12-15,-2.8,0.3,5.9,1.1,snow
Oslo,2024-12-16,4.0,5.2,8.7,0.0,cloudy
Oslo,2024-12-17,-0.7,1.4,4.3,0.0,cloudy
Oslo,2024-12-18,-1.1,4.1,7.2,14.6,snow
Oslo,2024-12-19,1.0,3.2,6.2,0.1,drizzle
Oslo,2024-12-20,-1.1,0.9,2.4,0.0,cloudy
Oslo,2024-12-21,-3.2,-0.1,4.3,8.3,snow
Oslo,2024-12-22,0.8,1.8,3.1,0.0,cloudy
Oslo,2024-12-23,-3.1,0.7,2.7,0.0,cloudy
Oslo,2024-12-24,-4.1,0.7,3.0,1.4,snow
Oslo,2024-12-25,1.4,2.7,4.2,0.0,cloudy
Oslo,2024-12-26,0.9,2.3,3.5,0.0,cloudy
Oslo,2024-12-27,-0.2,1.1,2.5,0.6,drizzle
Oslo,2024-12-28,0.4,1.0,3.2,0.1,drizzle
Oslo,2024-12-29,2.2,4.0,6.5,0.2,drizzle
Oslo,2024-12-30,-2.3,0.8,3.5,0.0,cloudy
Oslo,2024-12-31,-3.3,-1.7,-0.0,6.4,snow
Bergen,2024-01-01,-1.9,0.2,2.4,0.6,snow
Bergen,2024-01-02,-5.7,-3.3,-1.8,0.7,snow
Bergen,2024-01-03,-9.2,-6.4,-4.9,0.0,cloudy
Bergen,2024-01-04,-9.5,-6.9,-4.9,0.0,cloudy
Bergen,2024-01-05,-8.9,-6.9,-4.2,0.0,cloudy
Bergen,2024-01-06,-9.6,-7.8,-3.9,0.0,clear
Bergen,2024-01-07,-7.5,-5.6,-2.1,0.0,cloudy
Bergen,2024-01-08,-3.7,-2.5,-0.6,0.0,cloudy
Bergen,2024-01-09,-4.1,-2.1,-0.1,0.0,cloudy
Bergen,2024-01-10,-6.1,-4.0,-1.3,0.0,cloudy
Bergen,2024-01-11,-3.1,-0.7,1.5,0.0,cloudy
Bergen,2024-01-12,-0.9,0.6,1.5,1.8,drizzle
Bergen,2024-01-13,0.6,1.9,4.5,18.5,snow
Bergen,2024-01-14,-3.4,-0.1,2.0,4.9,snow
Bergen,2024-01-15,-8.2,-5.0,-3.1,0.0,cloudy
Bergen,2024-01-16,-8.3,-4.7,-3.3,11.0,snow
Bergen,2024-01-17,-14.0,-7.6,-4.3,2.2,snow
Bergen,2024-01-18,-16.6,-7.8,-4.2,11.7,snow
Bergen,2024-01-19,-6.3,-2.3,0.6,11.4,snow
Bergen,2024-01-20,-12.9,-3.8,2.8,4.9,snow
Bergen,2024-01-21,1.1,2.7,4.2,19.4,snow
Bergen,2024-01-22,3.3,4.8,6.1,44.5,snow
Bergen,2024-01-23,0.3,2.9,4.1,9.3,snow
Bergen,2024-01-24,1.7,4.1,6.0,17.5,snow
Bergen,2024-01-25,-1.3,2.1,3.8,2.4,drizzle
Bergen,2024-01-26,0.6,2.9,5.5,22.6,snow
Bergen,2024-01-27,1.5,5.1,7.0,19.9,snow
Bergen,2024-01-28,4.9,5.8,7.0,5.8,rain
Bergen,2024-01-29,-0.3,3.8,6.5,11.1,rain
Bergen,2024-01-30,-3.1,-0.8,2.3,0.0,cloudy
Bergen,2024-01-31,-0.9,2.9,4.8,20.1,snow
Bergen,2024-02-01,1.5,2.8,4.0,11.4,snow
Bergen,2024-02-02,1.6,5.5,8.2,54.0,snow
Bergen,2024-02-03,2.6,4.1,7.3,15.0,snow
Bergen,2024-02-04,1.3,2.2,3.7,17.1,snow
Bergen,2024-02-05,-4.1,-0.0,1.9,0.6,snow
Bergen,2024-02-06,-4.8,-3.4,-2.0,8.9,snow
Bergen,2024-02-07,-8.2,-3.9,-1.0,3.5,snow
Bergen,2024-02-08,-14.2,-5.2,0.4,0.0,cloudy
Bergen,2024-02-09,-16.1,-12.1,-4.6,0.0,cloudy
Bergen,2024-02-10,-12.6,-7.9,-3.0,0.0,cloudy
Bergen,2024-02-11,-4.9,-1.6,1.3,0.6,snow
Bergen,2024-02-12,-0.9,-0.1,1.1,8.1,snow
Bergen,2024-02-13,-1.2,0.5,2.0,4.2,snow
Bergen,2024-02-14,1.1,2.1,3.2,26.1,snow
Bergen,2024-02-15,-4.5,0.2,4.0,7.8,rain
Bergen,2024-02-16,-0.3,2.9,5.2,19.6,rain
Bergen,2024-02-17,-3.3,-0.3,4.1,0.0,cloudy
Bergen,2024-02-18,-2.3,0.7,3.1,6.9,drizzle
Bergen,2024-02-19,2.6,3.7,4.4,9.3,rain
Bergen,2024-02-20,2.6,4.1,5.2,19.4,rain
Bergen,2024-02-21,2.8,4.5,6.2,3.8,rain
Bergen,2024-02-22,3.0,4.4,7.1,18.0,snow
Bergen,2024-02-23,0.5,1.4,3.1,41.6,snow
Bergen,2024-02-24,0.9,2.4,5.1,4.6,snow
Bergen,2024-02-25,1.2,2.2,4.3,4.2,snow
Bergen,2024-02-26,-2.8,0.9,4.2,0.1,drizzle
Bergen,2024-02-27,0.8,1.6,2.9,11.6,snow
Bergen,2024-02-28,1.8,3.8,6.2,10.3,snow
Bergen,2024-02-29,3.8,5.4,7.3,16.3,rain
Bergen,2024-03-01,2.9,4.3,6.6,13.4,rain
Bergen,2024-03-02,-0.4,4.4,11.7,0.4,drizzle
Bergen,2024-03-03,0.9,5.4,11.2,0.2,drizzle
Bergen,2024-03-04,0.9,6.3,11.0,0.5,drizzle
Bergen,2024-03-05,-2.0,2.1,9.2,0.0,cloudy
Bergen,2024-03-06,-2.5,0.4,5.2,0.2,snow
Bergen,2024-03-07,-1.5,2.3,6.2,0.0,cloudy
Bergen,2024-03-08,-2.9,1.4,7.4,0.0,cloudy
Bergen,2024-03-09,-4.2,1.2,8.1,0.0,clear
Bergen,2024-03-10,-3.9,-0.0,6.0,0.0,cloudy
Bergen,2024-03-11,-4.2,1.3,8.8,0.0,cloudy
Bergen,2024-03-12,-1.3,2.5,8.1,0.4,drizzle
Bergen,2024-03-13,2.9,5.2,6.7,22.0,rain
Bergen,2024-03-14,3.5,5.3,7.8,11.3,snow
Bergen,2024-03-15,2.6,3.8,4.7,16.3,snow
Bergen,2024-03-16,-1.9,3.2,7.8,2.8,drizzle
Bergen,2024-03-17,-2.5,1.9,4.6,0.0,cloudy
Bergen,2024-03-18,1.4,3.8,6.2,2.6,snow
Bergen,2024-03-19,3.2,5.1,6.8,7.4,rain
Bergen,2024-03-20,3.2,4.5,6.4,7.9,rain
Bergen,2024-03-21,0.4,2.3,4.6,12.9,snow
Bergen,2024-03-22,2.3,4.2,5.7,16.6,snow
Bergen,2024-03-23,1.7,2.8,3.9,27.6,snow
Bergen,2024-03-24,-1.4,3.2,9.5,0.5,drizzle
Bergen,2024-03-25,-2.6,1.5,5.9,0.5,drizzle
Bergen,2024-03-26,-1.5,1.4,5.2,6.5,snow
Bergen,2024-03-27,0.7,4.2,7.0,5.7,snow
Bergen,2024-03-28,3.4,5.6,9.1,9.4,rain
Bergen,2024-03-29,4.4,6.5,11.6,12.1,rain
Bergen,2024-03-30,5.0,7.9,11.1,1.2,drizzle
Bergen,2024-03-31,4.0,5.4,7.9,6.1,drizzle
Bergen,2024-04-01,-1.1,6.0,13.5,0.0,cloudy
Bergen,2024-04-02,-0.8,5.3,10.9,0.0,cloudy
Bergen,2024-04-03,1.6,3.0,4.8,3.2,drizzle
Bergen,2024-04-04,-0.4,1.2,3.0,3.1,snow
Bergen,2024-04-05,-1.7,1.9,6.5,0.8,drizzle
Bergen,2024-04-06,-1.4,5.6,12.1,10.6,rain
Bergen,2024-04-07,6.2,8.0,10.2,13.7,rain
Bergen,2024-04-08,4.2,7.4,10.3,11.9,snow
Bergen,2024-04-09,7.0,9.6,14.9,9.4,rain
Bergen,2024-04-10,3.9,5.8,8.5,14.6,snow
Bergen,2024-04-11,4.5,7.1,10.1,25.8,rain
Bergen,2024-04-12,6.0,8.1,10.3,1.8,drizzle
Bergen,2024-04-13,6.0,7.4,8.7,22.5,rain
Bergen,2024-04-14,1.7,5.0,7.3,9.0,snow
Bergen,2024-04-15,1.7,5.9,10.8,0.0,cloudy
Bergen,2024-04-16,1.4,4.5,8.0,1.1,drizzle
Bergen,2024-04-17,1.0,5.5,10.2,0.2,drizzle
Bergen,2024-04-18,0.1,3.7,6.8,1.0,drizzle
Bergen,2024-04-19,2.6,3.3,4.7,3.8,drizzle
Bergen,2024-04-20,1.0,4.0,7.2,0.2,drizzle
Bergen,2024-04-21,-1.8,3.9,9.5,0.0,clear
Bergen,2024-04-22,-0.6,3.8,7.8,0.0,cloudy
Bergen,2024-04-23,1.7,5.0,8.7,0.1,drizzle
Bergen,2024-04-24,-0.7,3.4,7.9,0.0,cloudy
Bergen,2024-04-25,-1.4,3.4,7.6,1.8,snow
Bergen,2024-04-26,0.5,5.2,10.3,1.0,drizzle
Bergen,2024-04-27,-0.4,5.5,10.8,0.6,drizzle
Bergen,2024-04-28,-0.4,6.8,13.2,2.3,drizzle
Bergen,2024-04-29,5.6,8.1,10.4,5.7,rain
Bergen,2024-04-30,7.7,12.6,17.3,0.6,drizzle
Bergen,2024-05-01,8.5,14.2,22.1,5.9,rain
Bergen,2024-05-02,8.0,15.9,23.5,0.0,clear
Bergen,2024-05-03,6.5,15.9,23.9,0.0,cloudy
Bergen,2024-05-04,7.1,13.8,22.5,0.0,cloudy
Bergen,2024-05-05,5.6,9.6,13.4,0.0,cloudy
Bergen,2024-05-06,5.9,10.6,16.1,0.1,drizzle
Bergen,2024-05-07,8.2,9.6,12.6,1.5,drizzle
Bergen,2024-05-08,7.5,9.6,12.1,0.7,drizzle
Bergen,2024-05-09,5.9,8.4,10.4,19.2,rain
Bergen,2024-05-10,4.6,7.4,11.3,0.0,cloudy
Bergen,2024-05-11,7.2,12.3,17.8,0.0,cloudy
Bergen,2024-05-12,8.1,13.3,19.1,0.0,cloudy
Bergen,2024-05-13,9.0,15.9,21.4,0.0,cloudy
Bergen,2024-05-14,10.4,17.7,23.4,0.0,cloudy
Bergen,2024-05-15,8.1,17.8,24.7,0.0,clear
Bergen,2024-05-16,9.8,18.8,25.9,0.0,cloudy
Bergen,2024-05-17,9.8,18.4,24.2,0.0,cloudy
Bergen,2024-05-18,11.5,16.3,21.0,0.0,cloudy
Bergen,2024-05-19,9.2,12.8,17.5,2.7,rain
Bergen,2024-05-20,6.3,15.2,23.2,0.0,cloudy
Bergen,2024-05-21,11.0,18.5,24.6,0.0,clear
Bergen,2024-05-22,10.9,19.8,26.7,0.0,cloudy
Bergen,2024-05-23,13.8,20.9,27.1,0.0,cloudy
Bergen,2024-05-24,13.2,14.7,16.2,1.4,drizzle
Bergen,2024-05-25,10.7,17.1,23.3,2.1,rain
Bergen,2024-05-26,12.3,18.1,24.4,2.2,rain
Bergen,2024-05-27,11.1,15.1,21.2,8.3,rain
Bergen,2024-05-28,11.1,13.5,16.3,3.5,drizzle
Bergen,2024-05-29,9.9,13.3,18.9,11.8,rain
Bergen,2024-05-30,11.0,14.2,19.5,9.4,rain
Bergen,2024-05-31,10.0,13.9,18.2,0.4,drizzle
Bergen,2024-06-01,10.2,13.1,16.3,0.3,drizzle
Bergen,2024-06-02,9.3,12.1,15.4,0.0,cloudy
Bergen,2024-06-03,8.6,11.6,13.2,12.6,rain
Bergen,2024-06-04,7.5,9.8,12.8,26.5,rain
Bergen,2024-06-05,5.2,8.4,11.3,17.2,rain
Bergen,2024-06-06,5.0,6.9,10.0,20.5,snow
Bergen,2024-06-07,5.8,8.3,12.3,15.4,rain
Bergen,2024-06-08,6.7,8.4,11.1,16.5,rain
Bergen,2024-06-09,4.1,7.9,11.0,8.2,rain
Bergen,2024-06-10,8.0,10.7,13.7,0.8,drizzle
Bergen,2024-06-11,6.6,10.4,14.1,0.0,cloudy
Bergen,2024-06-12,7.0,9.4,12.2,0.4,drizzle
Bergen,2024-06-13,5.5,8.9,11.4,1.1,drizzle
Bergen,2024-06-14,6.3,12.5,17.3,0.1,drizzle
Bergen,2024-06-15,11.0,14.7,20.5,2.8,drizzle
Bergen,2024-06-16,10.8,14.3,17.7,7.0,rain
Bergen,2024-06-17,10.2,12.2,15.6,22.5,rain
Bergen,2024-06-18,10.0,12.3,15.3,5.8,rain
Bergen,2024-06-19,9.1,11.0,13.7,0.8,drizzle
Bergen,2024-06-20,9.4,11.1,13.2,6.7,rain
Bergen,2024-06-21,8.8,12.6,16.9,1.0,drizzle
Bergen,2024-06-22,8.0,13.1,17.8,1.9,drizzle
Bergen,2024-06-23,10.7,12.2,13.4,2.6,drizzle
Bergen,2024-06-24,7.0,13.4,18.2,0.0,clear
Bergen,2024-06-25,10.6,15.6,19.7,0.3,drizzle
Bergen,2024-06-26,13.1,17.2,21.0,2.8,rain
Bergen,2024-06-27,14.5,21.0,27.2,0.1,drizzle
Bergen,2024-06-28,9.8,14.3,18.1,15.8,rain
Bergen,2024-06-29,9.0,11.6,14.7,11.1,rain
Bergen,2024-06-30,9.4,12.5,15.9,2.0,drizzle
Bergen,2024-07-01,10.6,11.4,12.4,7.5,rain
Bergen,2024-07-02,10.0,11.0,12.8,10.7,rain
Bergen,2024-07-03,8.1,11.5,14.5,0.5,drizzle
Bergen,2024-07-04,8.3,10.9,14.8,11.7,rain
Bergen,2024-07-05,7.2,11.2,15.4,1.5,drizzle
Bergen,2024-07-06,9.0,12.6,15.4,1.1,drizzle
Bergen,2024-07-07,10.0,11.3,13.0,6.4,drizzle
Bergen,2024-07-08,10.2,11.3,12.7,24.4,rain
Bergen,2024-07-09,9.1,13.1,17.3,1.9,drizzle
Bergen,2024-07-10,10.5,13.6,17.8,11.1,rain
Bergen,2024-07-11,13.4,15.8,18.8,5.0,drizzle
Bergen,2024-07-12,11.8,15.3,18.7,0.1,drizzle
Bergen,2024-07-13,11.4,17.8,23.4,0.1,drizzle
Bergen,2024-07-14,13.5,15.9,19.8,4.2,drizzle
Bergen,2024-07-15,13.5,15.6,18.8,3.7,drizzle
Bergen,2024-07-16,13.0,15.5,17.9,0.5,drizzle
Bergen,2024-07-17,12.9,14.2,15.9,0.8,drizzle
Bergen,2024-07-18,12.0,14.9,18.2,0.3,drizzle
Bergen,2024-07-19,12.4,16.9,21.2,0.0,cloudy
Bergen,2024-07-20,15.5,20.2,25.1,0.0,cloudy
Bergen,2024-07-21,12.8,18.1,24.5,17.6,rain
Bergen,2024-07-22,10.6,14.1,17.3,0.7,drizzle
Bergen,2024-07-23,10.0,14.0,18.4,0.0,cloudy
Bergen,2024-07-24,10.1,14.4,19.2,0.0,cloudy
Bergen,2024-07-25,10.7,14.9,19.6,0.8,drizzle
Bergen,2024-07-26,12.1,14.4,16.4,49.9,rain
Bergen,2024-07-27,10.2,13.7,16.7,2.9,rain
Bergen,2024-07-28,10.3,13.7,16.1,2.3,drizzle
Bergen,2024-07-29,9.5,14.4,19.0,0.0,cloudy
Bergen,2024-07-30,11.6,14.8,17.7,6.8,rain
Bergen,2024-07-31,10.3,13.1,16.2,1.4,drizzle
Bergen,2024-08-01,10.5,13.9,17.5,0.0,cloudy
Bergen,2024-08-02,7.7,14.5,20.0,0.0,cloudy
Bergen,2024-08-03,12.6,15.7,19.3,4.2,rain
Bergen,2024-08-04,12.2,13.9,15.6,22.8,rain
Bergen,2024-08-05,10.1,15.0,19.1,0.3,drizzle
Bergen,2024-08-06,16.4,18.8,21.8,1.1,drizzle
Bergen,2024-08-07,13.7,15.6,17.8,31.4,rain
Bergen,2024-08-08,12.4,13.6,15.2,16.7,rain
Bergen,2024-08-09,11.2,12.8,15.0,33.4,rain
Bergen,2024-08-10,10.9,12.1,14.1,39.3,rain
Bergen,2024-08-11,9.7,12.4,14.8,3.9,drizzle
Bergen,2024-08-12,8.1,13.9,19.8,0.5,drizzle
Bergen,2024-08-13,11.0,17.6,23.6,8.3,rain
Bergen,2024-08-14,13.3,15.5,18.7,5.9,drizzle
Bergen,2024-08-15,11.0,13.3,14.8,36.1,rain
Bergen,2024-08-16,9.9,12.7,16.1,7.7,rain
Bergen,2024-08-17,10.5,12.7,15.4,13.1,rain
Bergen,2024-08-18,9.5,12.0,14.4,21.0,rain
Bergen,2024-08-19,9.7,12.4,15.2,7.9,rain
Bergen,2024-08-20,12.1,14.4,17.0,22.8,rain
Bergen,2024-08-21,10.9,13.0,15.9,2.2,drizzle
Bergen,2024-08-22,10.7,12.5,13.8,42.4,rain
Bergen,2024-08-23,9.7,11.3,13.5,7.6,rain
Bergen,2024-08-24,9.5,11.0,13.2,13.0,rain
Bergen,2024-08-25,10.0,10.9,12.8,18.3,rain
Bergen,2024-08-26,9.5,11.3,13.4,28.0,rain
Bergen,2024-08-27,9.7,12.0,14.0,24.1,rain
Bergen,2024-08-28,14.0,16.1,20.0,34.4,rain
Bergen,2024-08-29,11.5,15.2,18.1,23.2,rain
Bergen,2024-08-30,8.6,11.3,13.4,23.6,rain
Bergen,2024-08-31,7.8,11.4,14.2,0.9,drizzle
Bergen,2024-09-01,4.7,12.4,18.9,0.0,cloudy
Bergen,2024-09-02,8.2,14.1,19.8,0.0,cloudy
Bergen,2024-09-03,11.8,13.9,15.5,14.7,rain
Bergen,2024-09-04,13.0,15.7,20.3,7.8,rain
Bergen,2024-09-05,13.1,19.1,27.3,0.0,cloudy
Bergen,2024-09-06,13.7,19.8,26.0,0.0,clear
Bergen,2024-09-07,14.4,18.7,23.6,0.0,clear
Bergen,2024-09-08,12.8,16.8,22.4,11.7,rain
Bergen,2024-09-09,10.0,13.2,16.0,36.5,rain
Bergen,2024-09-10,7.6,9.8,13.9,13.2,rain
Bergen,2024-09-11,8.0,8.9,10.3,27.2,rain
Bergen,2024-09-12,6.2,8.4,9.8,23.1,rain
Bergen,2024-09-13,5.0,7.9,10.8,2.3,drizzle
Bergen,2024-09-14,7.0,10.1,13.4,0.3,drizzle
Bergen,2024-09-15,11.4,12.4,13.9,20.4,rain
Bergen,2024-09-16,8.7,11.4,13.6,5.1,rain
Bergen,2024-09-17,7.4,11.1,13.9,0.0,cloudy
Bergen,2024-09-18,9.1,14.1,20.4,0.0,cloudy
Bergen,2024-09-19,9.6,13.6,18.9,0.0,cloudy
Bergen,2024-09-20,9.2,12.6,17.6,0.0,cloudy
Bergen,2024-09-21,9.2,12.2,17.0,0.0,cloudy
Bergen,2024-09-22,9.3,11.6,14.5,0.6,drizzle
Bergen,2024-09-23,8.8,10.9,13.8,0.6,drizzle
Bergen,2024-09-24,7.3,9.6,12.8,0.0,cloudy
Bergen,2024-09-25,7.1,9.3,13.3,0.0,cloudy
Bergen,2024-09-26,3.9,7.4,11.9,0.0,cloudy
Bergen,2024-09-27,3.4,6.3,11.1,0.3,drizzle
Bergen,2024-09-28,2.3,4.1,7.0,9.7,snow
Bergen,2024-09-29,1.4,5.1,8.4,6.8,snow
Bergen,2024-09-30,7.1,9.8,13.5,0.1,drizzle
Bergen,2024-10-01,5.7,9.2,14.1,0.0,cloudy
Bergen,2024-10-02,4.2,8.0,13.2,0.0,cloudy
Bergen,2024-10-03,3.1,7.1,11.7,0.1,drizzle
Bergen,2024-10-04,1.7,6.9,12.0,0.0,cloudy
Bergen,2024-10-05,7.0,9.3,10.5,12.6,rain
Bergen,2024-10-06,8.2,10.2,11.5,4.5,drizzle
Bergen,2024-10-07,6.3,10.0,13.8,0.0,cloudy
Bergen,2024-10-08,8.4,9.8,12.8,19.2,rain
Bergen,2024-10-09,5.8,9.1,10.8,26.1,rain
Bergen,2024-10-10,3.9,5.6,8.3,3.6,rain
Bergen,2024-10-11,0.9,3.8,5.7,9.7,snow
Bergen,2024-10-12,1.1,4.1,6.7,14.2,snow
Bergen,2024-10-13,4.1,5.5,6.9,16.1,rain
Bergen,2024-10-14,1.5,4.4,7.0,0.3,drizzle
Bergen,2024-10-15,4.4,7.6,10.2,0.0,cloudy
Bergen,2024-10-16,4.3,8.5,14.9,0.0,cloudy
Bergen,2024-10-17,8.8,11.2,14.1,12.1,rain
Bergen,2024-10-18,10.1,11.7,14.7,1.9,drizzle
Bergen,2024-10-19,9.9,12.6,15.1,3.2,rain
Bergen,2024-10-20,9.4,11.1,12.3,17.9,rain
Bergen,2024-10-21,8.5,10.0,11.1,22.6,rain
Bergen,2024-10-22,7.0,8.6,9.8,27.1,rain
Bergen,2024-10-23,7.2,9.0,10.6,16.8,rain
Bergen,2024-10-24,9.7,10.6,12.1,0.7,drizzle
Bergen,2024-10-25,9.0,9.9,10.8,5.4,drizzle
Bergen,2024-10-26,8.3,9.9,12.2,12.4,rain
Bergen,2024-10-27,6.1,7.7,9.7,28.6,snow
Bergen,2024-10-28,1.4,6.5,8.5,5.0,rain
Bergen,2024-10-29,2.1,5.9,9.7,4.8,drizzle
Bergen,2024-10-30,7.1,7.7,8.8,12.0,rain
Bergen,2024-10-31,7.2,9.9,11.3,55.3,rain
Bergen,2024-11-01,2.1,5.5,11.4,7.1,snow
Bergen,2024-11-02,0.2,2.4,4.4,5.2,rain
Bergen,2024-11-03,5.0,9.1,10.5,18.1,rain
Bergen,2024-11-04,8.1,9.0,9.8,0.4,drizzle
Bergen,2024-11-05,6.2,8.2,9.5,0.1,drizzle
Bergen,2024-11-06,5.5,7.6,9.1,0.3,drizzle
Bergen,2024-11-07,8.0,9.1,10.1,0.0,cloudy
Bergen,2024-11-08,7.9,9.2,10.0,0.2,drizzle
Bergen,2024-11-09,3.7,7.5,9.0,0.0,cloudy
Bergen,2024-11-10,2.8,5.7,7.7,0.3,drizzle
Bergen,2024-11-11,4.3,6.1,7.5,4.3,drizzle
Bergen,2024-11-12,2.2,5.3,6.9,0.3,drizzle
Bergen,2024-11-13,6.5,7.5,8.6,4.8,drizzle
Bergen,2024-11-14,4.5,6.2,7.7,2.2,drizzle
Bergen,2024-11-15,5.9,8.1,9.6,17.4,rain
Bergen,2024-11-16,2.6,4.7,8.0,18.2,snow
Bergen,2024-11-17,0.6,2.7,4.5,10.7,snow
Bergen,2024-11-18,-1.8,-0.2,1.5,0.0,cloudy
Bergen,2024-11-19,-3.1,-1.8,-0.1,0.0,cloudy
Bergen,2024-11-20,-2.7,-1.4,0.8,0.0,cloudy
Bergen,2024-11-21,-5.3,-3.6,-1.2,0.0,cloudy
Bergen,2024-11-22,-6.3,-4.2,-1.6,2.3,snow
Bergen,2024-11-23,-6.5,-3.3,-0.5,24.4,snow
Bergen,2024-11-24,-5.0,3.6,6.7,21.1,rain
Bergen,2024-11-25,5.6,6.6,7.5,17.3,rain
Bergen,2024-11-26,1.4,4.5,6.0,8.2,rain
Bergen,2024-11-27,0.8,2.4,3.4,0.1,drizzle
Bergen,2024-11-28,-1.2,-0.1,1.3,0.0,cloudy
Bergen,2024-11-29,0.1,4.2,6.9,23.3,rain
Bergen,2024-11-30,5.7,7.3,8.9,25.0,rain
Bergen,2024-12-01,8.5,9.0,9.5,28.0,rain
Bergen,2024-12-02,0.5,4.7,8.5,13.9,rain
Bergen,2024-12-03,-2.7,-0.6,1.7,0.3,snow
Bergen,2024-12-04,-0.3,0.9,2.5,0.2,snow
Bergen,2024-12-05,2.4,4.3,5.7,8.5,rain
Bergen,2024-12-06,2.4,3.5,4.6,14.3,snow
Bergen,2024-12-07,1.6,2.6,4.6,4.3,rain
Bergen,2024-12-08,-2.1,0.5,2.0,0.0,cloudy
Bergen,2024-12-09,-3.3,-1.4,1.2,0.0,cloudy
Bergen,2024-12-10,-1.3,1.1,2.9,0.1,drizzle
Bergen,2024-12-11,-0.9,1.8,3.1,0.0,cloudy
Bergen,2024-12-12,-0.2,2.9,4.2,0.6,drizzle
Bergen,2024-12-13,3.6,4.6,5.6,23.0,rain
Bergen,2024-12-14,0.7,2.4,5.0,14.9,snow
Bergen,2024-12-15,1.1,4.7,9.3,25.8,snow
Bergen,2024-12-16,2.8,4.4,6.0,27.2,snow
Bergen,2024-12-17,0.0,2.1,4.9,6.9,snow
Bergen,2024-12-18,4.9,6.7,8.8,50.6,rain
Bergen,2024-12-19,2.7,4.1,6.3,7.7,snow
Bergen,2024-12-20,-0.6,1.5,2.8,6.6,snow
Bergen,2024-12-21,1.2,2.9,4.5,41.9,snow
Bergen,2024-12-22,2.1,3.5,5.7,14.1,snow
Bergen,2024-12-23,-1.7,1.0,2.7,0.0,cloudy
Bergen,2024-12-24,0.9,3.7,7.7,22.9,snow
Bergen,2024-12-25,8.0,8.7,9.3,7.3,rain
Bergen,2024-12-26,4.3,7.0,8.4,8.6,rain
Bergen,2024-12-27,4.5,5.2,5.9,10.6,rain
Bergen,2024-12-28,5.3,6.3,7.0,31.5,rain
Bergen,2024-12-29,1.8,4.5,6.2,20.4,snow
Bergen,2024-12-30,-2.6,-0.2,1.8,1.2,snow
Bergen,2024-12-31,-2.6,-1.8,-0.7,9.4,snow
Tromsø,2024-01-01,-14.1,-13.2,-12.3,0.0,cloudy
Tromsø,2024-01-02,-15.2,-14.1,-12.1,0.0,cloudy
Tromsø,2024-01-03,-15.7,-11.4,-7.7,0.0,cloudy
Tromsø,2024-01-04,-16.3,-14.2,-12.9,0.0,cloudy
Tromsø,2024-01-05,-12.4,-7.8,-5.7,2.4,snow
Tromsø,2024-01-06,-6.2,-3.7,-1.4,7.0,snow
Tromsø,2024-01-07,-1.5,-0.0,1.2,32.0,snow
Tromsø,2024-01-08,-0.8,1.1,4.3,36.6,snow
Tromsø,2024-01-09,1.0,2.7,4.4,8.4,snow
Tromsø,2024-01-10,-2.8,0.8,2.4,22.7,snow
Tromsø,2024-01-11,-8.5,-5.4,-3.2,9.3,snow
Tromsø,2024-01-12,-6.8,-4.9,-3.3,0.4,snow
Tromsø,2024-01-13,-9.1,-7.8,-5.8,0.3,snow
Tromsø,2024-01-14,-13.2,-10.8,-8.1,1.4,snow
Tromsø,2024-01-15,-16.1,-13.2,-9.5,2.0,snow
Tromsø,2024-01-16,-19.8,-17.9,-16.1,0.0,cloudy
Tromsø,2024-01-17,-18.1,-16.1,-14.3,0.0,cloudy
Tromsø,2024-01-18,-19.1,-17.9,-16.4,0.0,cloudy
Tromsø,2024-01-19,-17.9,-15.4,-14.1,0.0,cloudy
Tromsø,2024-01-20,-16.0,-11.8,-7.3,3.2,snow
Tromsø,2024-01-21,-12.3,-10.3,-6.7,1.2,snow
Tromsø,2024-01-22,-11.1,-7.4,-2.4,2.2,snow
Tromsø,2024-01-23,-2.2,-0.4,1.9,7.6,snow
Tromsø,2024-01-24,-8.8,-4.9,-0.7,1.0,snow
Tromsø,2024-01-25,-11.0,-9.0,-6.1,0.0,cloudy
Tromsø,2024-01-26,-13.6,-11.1,-6.9,0.0,cloudy
Tromsø,2024-01-27,-11.7,-1.6,2.6,14.5,snow
Tromsø,2024-01-28,0.7,1.4,2.7,16.5,snow
Tromsø,2024-01-29,0.6,3.1,6.3,13.6,snow
Tromsø,2024-01-30,0.2,2.1,4.1,20.4,snow
Tromsø,2024-01-31,-0.9,1.0,2.9,14.5,snow
Tromsø,2024-02-01,-5.0,-1.4,2.7,16.9,snow
Tromsø,2024-02-02,-6.0,-4.3,-3.1,5.0,snow
Tromsø,2024-02-03,-6.6,-5.0,-3.6,11.2,snow
Tromsø,2024-02-04,-9.8,-6.1,-3.2,3.8,snow
Tromsø,2024-02-05,-12.9,-10.1,-5.2,0.0,cloudy
Tromsø,2024-02-06,-13.8,-12.4,-10.3,0.2,snow
Tromsø,2024-02-07,-14.4,-9.9,-7.8,2.1,snow
Tromsø,2024-02-08,-15.9,-15.1,-14.3,0.2,snow
Tromsø,2024-02-09,-16.9,-13.0,-8.2,0.0,cloudy
Tromsø,2024-02-10,-9.4,-7.9,-5.9,0.8,snow
Tromsø,2024-02-11,-8.8,-5.5,-4.0,3.8,snow
Tromsø,2024-02-12,-14.5,-10.0,-7.5,0.0,cloudy
Tromsø,2024-02-13,-13.7,-11.6,-8.6,0.0,cloudy
Tromsø,2024-02-14,-12.8,-9.0,-6.4,0.7,snow
Tromsø,2024-02-15,-11.5,-7.6,-4.6,0.4,snow
Tromsø,2024-02-16,-7.0,-4.9,-3.3,1.1,snow
Tromsø,2024-02-17,-9.6,-6.1,-2.9,4.1,snow
Tromsø,2024-02-18,-5.5,-2.9,-2.0,5.4,snow
Tromsø,2024-02-19,-2.7,-0.7,0.1,22.5,snow
Tromsø,2024-02-20,-6.9,-2.8,0.4,12.9,snow
Tromsø,2024-02-21,-6.9,-2.6,0.9,1.5,snow
Tromsø,2024-02-22,-7.1,-2.7,0.9,0.1,snow
Tromsø,2024-02-23,-6.7,-3.6,0.3,0.0,cloudy
Tromsø,2024-02-24,1.0,3.5,5.6,0.2,drizzle
Tromsø,2024-02-25,0.5,1.4,3.0,0.4,snow
Tromsø,2024-02-26,-1.4,0.8,2.5,5.7,snow
Tromsø,2024-02-27,-3.0,-0.2,1.1,0.1,snow
Tromsø,2024-02-28,-3.2,-0.9,1.9,0.3,snow
Tromsø,2024-02-29,-0.4,0.4,2.4,2.9,snow
Tromsø,2024-03-01,-0.1,2.2,3.7,0.2,snow
Tromsø,2024-03-02,-1.7,0.5,2.8,0.0,cloudy
Tromsø,2024-03-03,-0.4,1.2,2.6,0.0,cloudy
Tromsø,2024-03-04,-5.3,-3.0,0.9,0.0,cloudy
Tromsø,2024-03-05,-5.4,-2.6,1.5,0.0,cloudy
Tromsø,2024-03-06,-4.8,-1.8,0.9,0.0,cloudy
Tromsø,2024-03-07,0.1,1.3,2.7,0.0,cloudy
Tromsø,2024-03-08,-0.2,1.2,1.8,0.4,snow
Tromsø,2024-03-09,0.9,1.7,2.5,0.8,snow
Tromsø,2024-03-10,1.5,2.0,3.0,3.5,snow
Tromsø,2024-03-11,1.4,2.0,2.7,1.2,drizzle
Tromsø,2024-03-12,-1.8,0.8,2.0,1.4,snow
Tromsø,2024-03-13,-9.3,-3.1,-0.7,0.0,cloudy
Tromsø,2024-03-14,-9.6,-5.8,-2.8,0.6,snow
Tromsø,2024-03-15,-6.0,-3.1,-1.6,2.3,snow
Tromsø,2024-03-16,-7.5,-6.1,-4.2,9.4,snow
Tromsø,2024-03-17,-9.4,-6.2,-3.0,12.3,snow
Tromsø,2024-03-18,-2.9,1.0,3.1,6.9,snow
Tromsø,2024-03-19,-1.8,2.1,4.1,4.5,snow
Tromsø,2024-03-20,-1.9,1.2,3.1,3.0,snow
Tromsø,2024-03-21,-4.8,0.7,3.2,0.1,snow
Tromsø,2024-03-22,-6.8,-1.4,2.7,0.1,snow
Tromsø,2024-03-23,-7.8,-3.7,-0.0,0.0,cloudy
Tromsø,2024-03-24,-6.2,-3.6,-1.9,1.6,snow
Tromsø,2024-03-25,-7.9,-4.3,-2.1,1.5,snow
Tromsø,2024-03-26,-10.6,-7.5,-2.9,0.7,snow
Tromsø,2024-03-27,-12.1,-8.4,-2.8,0.0,cloudy
Tromsø,2024-03-28,-11.0,-6.5,-1.1,0.0,cloudy
Tromsø,2024-03-29,-11.2,-5.9,-0.8,0.0,cloudy
Tromsø,2024-03-30,-11.8,-5.4,-0.9,0.5,snow
Tromsø,2024-03-31,-6.6,-3.4,-1.4,0.6,snow
Tromsø,2024-04-01,-10.4,-6.6,-4.1,1.0,snow
Tromsø,2024-04-02,-14.5,-9.1,-5.4,0.1,snow
Tromsø,2024-04-03,-12.7,-6.8,-3.3,2.8,snow
Tromsø,2024-04-04,-15.1,-10.3,-4.5,0.0,cloudy
Tromsø,2024-04-05,-16.6,-10.5,-4.4,0.0,cloudy
Tromsø,2024-04-06,-14.0,-7.6,-3.1,0.0,cloudy
Tromsø,2024-04-07,-11.9,-4.6,-0.8,2.7,snow
Tromsø,2024-04-08,-2.6,-0.4,2.0,6.1,snow
Tromsø,2024-04-09,0.3,2.5,4.9,8.4,snow
Tromsø,2024-04-10,2.2,4.2,6.0,6.0,snow
Tromsø,2024-04-11,2.2,3.1,3.8,10.7,snow
Tromsø,2024-04-12,1.7,2.7,4.5,7.0,snow
Tromsø,2024-04-13,2.7,4.2,6.0,7.3,snow
Tromsø,2024-04-14,0.4,2.9,4.7,3.5,snow
Tromsø,2024-04-15,-1.7,0.4,1.7,1.8,snow
Tromsø,2024-04-16,-2.9,-0.1,2.5,0.0,cloudy
Tromsø,2024-04-17,-8.7,-2.4,0.4,0.0,cloudy
Tromsø,2024-04-18,-10.3,-5.5,-0.7,0.0,cloudy
Tromsø,2024-04-19,-10.2,-3.9,1.8,0.0,cloudy
Tromsø,2024-04-20,-10.5,-4.1,1.3,0.0,cloudy
Tromsø,2024-04-21,-10.2,-5.0,-0.2,0.0,clear
Tromsø,2024-04-22,-10.5,-4.5,0.3,0.0,cloudy
Tromsø,2024-04-23,-10.2,-3.3,1.3,1.4,snow
Tromsø,2024-04-24,-3.1,1.7,4.8,0.3,snow
Tromsø,2024-04-25,-2.1,1.2,4.8,0.3,snow
Tromsø,2024-04-26,-6.1,-0.3,3.7,0.0,cloudy
Tromsø,2024-04-27,-6.4,-0.4,4.1,0.0,cloudy
Tromsø,2024-04-28,-5.9,0.3,4.7,0.0,cloudy
Tromsø,2024-04-29,-3.5,1.5,6.0,0.0,clear
Tromsø,2024-04-30,-4.5,2.2,6.8,0.2,drizzle
Tromsø,2024-05-01,3.0,4.9,6.9,0.3,drizzle
Tromsø,2024-05-02,4.0,4.6,5.8,5.1,drizzle
Tromsø,2024-05-03,3.1,4.6,6.0,7.0,drizzle
Tromsø,2024-05-04,-0.7,2.6,3.8,2.6,snow
Tromsø,2024-05-05,-1.3,0.4,1.3,0.1,snow
Tromsø,2024-05-06,-0.5,0.8,2.5,0.4,snow
Tromsø,2024-05-07,-3.4,0.6,3.0,0.0,cloudy
Tromsø,2024-05-08,-2.9,1.4,4.5,0.0,cloudy
Tromsø,2024-05-09,-0.7,3.0,5.1,4.4,snow
Tromsø,2024-05-10,0.9,2.8,3.9,3.6,snow
Tromsø,2024-05-11,0.5,4.2,7.3,4.5,snow
Tromsø,2024-05-12,2.9,4.9,6.4,8.6,drizzle
Tromsø,2024-05-13,5.6,8.0,10.7,5.1,drizzle
Tromsø,2024-05-14,7.5,10.9,15.8,4.6,drizzle
Tromsø,2024-05-15,5.7,7.0,10.0,10.7,rain
Tromsø,2024-05-16,5.0,7.0,9.4,0.9,drizzle
Tromsø,2024-05-17,5.5,12.9,18.7,0.1,drizzle
Tromsø,2024-05-18,5.6,8.7,13.1,4.2,drizzle
Tromsø,2024-05-19,0.8,3.6,5.2,5.9,snow
Tromsø,2024-05-20,-0.7,0.8,2.2,7.1,snow
Tromsø,2024-05-21,-1.3,2.2,4.2,1.6,snow
Tromsø,2024-05-22,0.3,6.8,12.3,0.0,cloudy
Tromsø,2024-05-23,5.6,13.2,20.3,4.7,rain
Tromsø,2024-05-24,3.5,5.7,7.9,2.5,snow
Tromsø,2024-05-25,3.1,6.2,9.9,1.5,snow
Tromsø,2024-05-26,5.3,12.4,18.0,0.0,cloudy
Tromsø,2024-05-27,7.5,13.5,18.1,0.0,cloudy
Tromsø,2024-05-28,10.7,16.5,20.3,0.7,drizzle
Tromsø,2024-05-29,12.0,16.5,20.4,0.1,drizzle
Tromsø,2024-05-30,12.3,17.6,24.1,4.6,rain
Tromsø,2024-05-31,10.5,14.2,18.1,3.7,rain
Tromsø,2024-06-01,10.0,11.4,12.6,3.3,rain
Tromsø,2024-06-02,9.8,11.7,13.8,0.2,drizzle
Tromsø,2024-06-03,7.9,12.7,15.7,2.2,rain
Tromsø,2024-06-04,8.1,11.1,13.9,13.4,rain
Tromsø,2024-06-05,7.7,15.8,20.7,0.0,cloudy
Tromsø,2024-06-06,15.4,18.5,22.7,2.4,rain
Tromsø,2024-06-07,9.7,12.9,16.4,3.0,drizzle
Tromsø,2024-06-08,8.2,9.3,11.3,3.8,drizzle
Tromsø,2024-06-09,6.8,12.8,17.0,1.5,drizzle
Tromsø,2024-06-10,9.4,13.9,17.4,3.3,rain
Tromsø,2024-06-11,11.1,13.1,14.7,12.3,rain
Tromsø,2024-06-12,9.1,11.2,13.2,1.5,drizzle
Tromsø,2024-06-13,8.2,11.0,14.0,1.4,drizzle
Tromsø,2024-06-14,7.3,9.6,12.5,0.0,cloudy
Tromsø,2024-06-15,7.9,11.9,15.6,0.0,cloudy
Tromsø,2024-06-16,8.9,14.6,18.3,2.3,rain
Tromsø,2024-06-17,13.1,17.1,19.4,0.2,drizzle
Tromsø,2024-06-18,14.1,17.1,20.7,2.9,drizzle
Tromsø,2024-06-19,9.4,14.7,17.9,10.8,rain
Tromsø,2024-06-20,8.0,10.5,13.7,8.4,rain
Tromsø,2024-06-21,9.2,10.6,12.2,3.1,drizzle
Tromsø,2024-06-22,9.6,12.0,14.6,1.5,drizzle
Tromsø,2024-06-23,9.2,15.8,21.5,9.4,rain
Tromsø,2024-06-24,11.3,12.4,13.2,4.8,rain
Tromsø,2024-06-25,10.4,12.5,14.2,13.9,rain
Tromsø,2024-06-26,9.6,11.3,13.6,2.2,drizzle
Tromsø,2024-06-27,9.5,12.3,15.5,0.7,drizzle
Tromsø,2024-06-28,8.7,15.3,20.3,0.2,drizzle
Tromsø,2024-06-29,15.0,19.0,23.2,2.2,rain
Tromsø,2024-06-30,13.2,14.4,16.3,0.9,drizzle
Tromsø,2024-07-01,11.2,14.8,18.2,2.2,rain
Tromsø,2024-07-02,9.5,11.1,14.1,1.8,drizzle
Tromsø,2024-07-03,9.0,10.7,12.4,2.7,drizzle
Tromsø,2024-07-04,9.5,13.1,16.9,0.4,drizzle
Tromsø,2024-07-05,11.0,16.7,20.5,0.3,drizzle
Tromsø,2024-07-06,12.2,14.9,18.3,10.9,rain
Tromsø,2024-07-07,10.8,13.0,16.3,5.8,drizzle
Tromsø,2024-07-08,9.5,10.3,11.3,5.7,drizzle
Tromsø,2024-07-09,9.4,10.2,11.2,5.3,drizzle
Tromsø,2024-07-10,9.8,12.0,14.0,2.4,drizzle
Tromsø,2024-07-11,9.1,14.1,17.7,6.5,rain
Tromsø,2024-07-12,11.6,13.3,14.0,1.8,drizzle
Tromsø,2024-07-13,11.5,13.6,16.8,2.0,drizzle
Tromsø,2024-07-14,10.7,15.9,20.5,0.0,clear
Tromsø,2024-07-15,10.4,14.1,17.2,0.0,cloudy
Tromsø,2024-07-16,11.9,17.9,23.6,0.1,drizzle
Tromsø,2024-07-17,13.0,17.3,21.2,0.0,cloudy
Tromsø,2024-07-18,13.3,20.2,24.5,0.0,cloudy
Tromsø,2024-07-19,15.1,18.9,22.6,5.5,rain
Tromsø,2024-07-20,13.9,17.2,21.0,0.2,drizzle
Tromsø,2024-07-21,15.2,21.4,25.5,1.2,drizzle
Tromsø,2024-07-22,19.2,23.1,27.0,0.0,cloudy
Tromsø,2024-07-23,16.1,21.7,26.7,3.7,rain
Tromsø,2024-07-24,12.2,13.4,15.1,5.7,rain
Tromsø,2024-07-25,11.9,15.5,18.7,0.0,cloudy
Tromsø,2024-07-26,14.4,19.6,24.0,0.5,drizzle
Tromsø,2024-07-27,16.2,20.3,23.7,0.5,drizzle
Tromsø,2024-07-28,12.7,14.8,16.7,13.8,rain
Tromsø,2024-07-29,11.8,14.6,17.1,0.1,drizzle
Tromsø,2024-07-30,9.9,13.6,16.9,0.0,cloudy
Tromsø,2024-07-31,12.2,16.2,19.6,0.0,cloudy
Tromsø,2024-08-01,12.9,16.2,19.8,0.2,drizzle
Tromsø,2024-08-02,13.4,16.0,19.5,0.1,drizzle
Tromsø,2024-08-03,12.2,18.3,23.5,0.7,drizzle
Tromsø,2024-08-04,14.6,20.6,25.2,0.0,cloudy
Tromsø,2024-08-05,16.1,21.4,25.7,0.0,clear
Tromsø,2024-08-06,16.3,22.0,26.6,0.0,cloudy
Tromsø,2024-08-07,16.3,22.2,26.2,0.0,clear
Tromsø,2024-08-08,17.2,22.0,25.4,0.0,cloudy
Tromsø,2024-08-09,17.8,19.1,20.9,0.6,drizzle
Tromsø,2024-08-10,16.6,19.9,23.8,0.1,drizzle
Tromsø,2024-08-11,16.1,19.5,22.9,3.0,drizzle
Tromsø,2024-08-12,14.7,17.0,20.2,3.8,rain
Tromsø,2024-08-13,13.6,18.2,22.7,1.5,drizzle
Tromsø,2024-08-14,15.4,20.9,25.3,0.2,drizzle
Tromsø,2024-08-15,15.6,17.6,19.2,5.2,rain
Tromsø,2024-08-16,12.6,16.0,19.7,16.9,rain
Tromsø,2024-08-17,11.5,14.8,18.7,1.1,drizzle
Tromsø,2024-08-18,10.9,15.5,18.9,0.2,drizzle
Tromsø,2024-08-19,10.7,12.3,14.0,24.6,rain
Tromsø,2024-08-20,10.2,14.3,18.4,0.0,cloudy
Tromsø,2024-08-21,12.1,15.6,19.2,4.1,drizzle
Tromsø,2024-08-22,11.4,15.2,20.7,6.3,rain
Tromsø,2024-08-23,13.5,16.0,19.5,5.4,rain
Tromsø,2024-08-24,11.1,14.4,17.2,17.9,rain
Tromsø,2024-08-25,10.7,13.0,17.0,2.9,drizzle
Tromsø,2024-08-26,10.5,12.3,14.6,3.2,drizzle
Tromsø,2024-08-27,9.5,10.5,11.3,17.6,rain
Tromsø,2024-08-28,9.9,11.5,13.1,8.3,rain
Tromsø,2024-08-29,12.3,15.0,19.2,1.4,drizzle
Tromsø,2024-08-30,9.5,13.6,17.7,2.6,drizzle
Tromsø,2024-08-31,9.6,11.7,13.3,2.8,drizzle
Tromsø,2024-09-01,11.4,12.9,14.8,0.3,drizzle
Tromsø,2024-09-02,8.9,14.9,20.4,0.0,cloudy
Tromsø,2024-09-03,10.5,14.9,18.8,0.0,cloudy
Tromsø,2024-09-04,14.2,17.1,20.7,3.9,rain
Tromsø,2024-09-05,10.9,12.9,15.2,3.0,drizzle
Tromsø,2024-09-06,11.1,13.5,16.5,0.3,drizzle
Tromsø,2024-09-07,11.8,12.4,13.4,5.7,rain
Tromsø,2024-09-08,12.0,16.7,21.2,0.9,drizzle
Tromsø,2024-09-09,13.1,18.0,22.7,0.0,cloudy
Tromsø,2024-09-10,16.7,17.9,19.0,0.4,drizzle
Tromsø,2024-09-11,13.3,16.2,18.6,2.0,drizzle
Tromsø,2024-09-12,13.3,15.5,18.5,0.0,cloudy
Tromsø,2024-09-13,9.7,12.5,14.8,0.4,drizzle
Tromsø,2024-09-14,8.7,10.4,12.1,0.0,cloudy
Tromsø,2024-09-15,8.3,10.9,14.1,0.0,cloudy
Tromsø,2024-09-16,8.3,11.7,16.3,0.5,drizzle
Tromsø,2024-09-17,10.2,10.9,11.7,3.2,drizzle
Tromsø,2024-09-18,9.9,11.4,13.1,19.3,rain
Tromsø,2024-09-19,7.3,11.9,14.6,17.3,rain
Tromsø,2024-09-20,2.8,5.9,7.2,14.1,snow
Tromsø,2024-09-21,3.1,4.8,6.8,6.6,snow
Tromsø,2024-09-22,1.8,4.2,6.5,3.5,snow
Tromsø,2024-09-23,0.8,3.9,7.5,1.1,drizzle
Tromsø,2024-09-24,3.1,4.3,5.6,7.3,snow
Tromsø,2024-09-25,3.9,6.0,9.2,0.0,cloudy
Tromsø,2024-09-26,4.1,6.0,7.9,0.8,drizzle
Tromsø,2024-09-27,0.8,4.3,6.4,0.5,drizzle
Tromsø,2024-09-28,-0.6,2.5,6.1,0.0,cloudy
Tromsø,2024-09-29,-1.6,1.7,4.1,6.4,snow
Tromsø,2024-09-30,1.5,2.8,4.7,8.2,snow
Tromsø,2024-10-01,2.4,4.6,7.0,9.9,snow
Tromsø,2024-10-02,0.8,2.8,4.7,1.9,snow
Tromsø,2024-10-03,-0.1,2.8,5.4,8.9,snow
Tromsø,2024-10-04,1.4,2.4,3.9,7.1,snow
Tromsø,2024-10-05,1.3,2.5,4.3,4.2,snow
Tromsø,2024-10-06,-1.6,1.6,3.4,0.4,snow
Tromsø,2024-10-07,-1.5,0.1,2.0,0.0,cloudy
Tromsø,2024-10-08,-3.9,-0.5,2.0,2.8,snow
Tromsø,2024-10-09,1.3,4.0,6.5,9.4,snow
Tromsø,2024-10-10,3.5,4.1,4.6,4.0,snow
Tromsø,2024-10-11,2.1,2.6,3.4,18.1,snow
Tromsø,2024-10-12,0.4,2.4,4.0,0.0,cloudy
Tromsø,2024-10-13,3.6,4.4,5.9,0.1,drizzle
Tromsø,2024-10-14,3.3,4.0,5.0,1.9,snow
Tromsø,2024-10-15,1.7,2.8,3.7,6.1,snow
Tromsø,2024-10-16,1.2,3.5,6.4,13.0,snow
Tromsø,2024-10-17,6.7,7.5,9.2,1.5,drizzle
Tromsø,2024-10-18,8.6,10.1,11.3,6.7,drizzle
Tromsø,2024-10-19,5.3,8.4,10.1,2.0,drizzle
Tromsø,2024-10-20,4.5,5.8,7.0,1.3,drizzle
Tromsø,2024-10-21,2.7,6.3,8.1,2.5,rain
Tromsø,2024-10-22,4.9,6.7,7.6,5.9,rain
Tromsø,2024-10-23,3.5,4.7,6.3,2.0,drizzle
Tromsø,2024-10-24,4.4,5.8,7.6,5.9,drizzle
Tromsø,2024-10-25,4.2,7.5,9.8,12.6,rain
Tromsø,2024-10-26,2.9,3.7,4.7,2.5,snow
Tromsø,2024-10-27,2.6,4.0,4.8,6.2,drizzle
Tromsø,2024-10-28,1.4,3.0,5.1,4.3,snow
Tromsø,2024-10-29,0.4,1.0,1.7,5.9,snow
Tromsø,2024-10-30,-2.7,-0.4,1.5,9.4,snow
Tromsø,2024-10-31,-3.4,-1.9,-0.7,8.4,snow
Tromsø,2024-11-01,-8.7,-6.2,-4.1,0.2,snow
Tromsø,2024-11-02,-6.3,-2.1,-0.3,6.5,snow
Tromsø,2024-11-03,-2.4,-1.0,0.4,5.6,snow
Tromsø,2024-11-04,-0.9,0.2,1.7,2.4,snow
Tromsø,2024-11-05,-0.4,3.2,5.7,13.5,snow
Tromsø,2024-11-06,3.9,4.5,5.2,18.4,rain
Tromsø,2024-11-07,4.8,6.4,8.7,7.4,rain
Tromsø,2024-11-08,4.6,8.6,10.8,23.0,rain
Tromsø,2024-11-09,1.8,3.2,4.4,7.8,snow
Tromsø,2024-11-10,0.6,2.9,4.9,0.0,cloudy
Tromsø,2024-11-11,1.3,2.5,5.1,0.2,drizzle
Tromsø,2024-11-12,2.5,4.0,6.7,1.1,drizzle
Tromsø,2024-11-13,1.7,5.4,8.8,19.7,snow
Tromsø,2024-11-14,1.1,1.6,2.5,13.7,snow
Tromsø,2024-11-15,1.7,1.9,2.2,24.4,snow
Tromsø,2024-11-16,1.6,2.3,2.8,14.7,snow
Tromsø,2024-11-17,1.8,2.3,2.9,2.8,snow
Tromsø,2024-11-18,-3.7,-0.9,2.1,2.7,snow
Tromsø,2024-11-19,-5.5,-4.1,-1.3,0.0,cloudy
Tromsø,2024-11-20,-9.1,-7.7,-5.1,0.0,cloudy
Tromsø,2024-11-21,-11.6,-9.6,-7.9,0.0,cloudy
Tromsø,2024-11-22,-7.2,-2.1,-0.4,4.8,snow
Tromsø,2024-11-23,-1.8,1.0,2.5,20.4,snow
Tromsø,2024-11-24,-3.6,-0.1,1.8,7.6,snow
Tromsø,2024-11-25,-4.8,-2.7,-1.4,3.8,snow
Tromsø,2024-11-26,-4.9,-3.3,-2.0,1.8,snow
Tromsø,2024-11-27,-2.4,-1.2,-0.0,6.2,snow
Tromsø,2024-11-28,-2.6,0.3,3.2,1.6,snow
Tromsø,2024-11-29,-3.3,-0.7,2.5,11.0,snow
Tromsø,2024-11-30,-5.8,-3.8,-1.9,7.3,snow
Tromsø,2024-12-01,-5.1,-4.4,-3.8,10.6,snow
Tromsø,2024-12-02,-5.1,-3.7,-2.0,11.0,snow
Tromsø,2024-12-03,-8.9,-7.1,-4.7,4.1,snow
Tromsø,2024-12-04,-8.6,-5.0,-2.8,5.9,snow
Tromsø,2024-12-05,-8.0,-4.7,-2.2,0.0,cloudy
Tromsø,2024-12-06,-10.3,-7.9,-4.6,0.0,cloudy
Tromsø,2024-12-07,-3.5,-1.1,0.8,1.1,snow
Tromsø,2024-12-08,-0.8,1.3,2.7,9.7,snow
Tromsø,2024-12-09,0.4,2.3,4.5,34.5,snow
Tromsø,2024-12-10,-0.3,3.3,5.7,37.7,snow
Tromsø,2024-12-11,-4.1,-1.7,-0.0,6.7,snow
Tromsø,2024-12-12,-10.1,-6.3,-3.4,3.4,snow
Tromsø,2024-12-13,-14.0,-9.1,-6.5,0.0,cloudy
Tromsø,2024-12-14,-14.5,-10.6,-6.6,0.3,snow
Tromsø,2024-12-15,-12.7,-9.6,-6.1,0.6,snow
Tromsø,2024-12-16,-11.2,-8.0,-6.8,1.1,snow
Tromsø,2024-12-17,-9.7,-7.5,-4.3,0.0,cloudy
Tromsø,2024-12-18,-12.5,-11.1,-10.3,0.0,cloudy
Tromsø,2024-12-19,-14.3,-12.5,-10.5,0.0,cloudy
Tromsø,2024-12-20,-10.7,-9.4,-8.2,0.0,cloudy
Tromsø,2024-12-21,-9.8,-5.8,-4.5,0.2,snow
Tromsø,2024-12-22,-8.6,-6.0,-4.2,0.0,cloudy
Tromsø,2024-12-23,-10.1,-8.4,-6.8,0.0,cloudy
Tromsø,2024-12-24,-10.3,-7.5,-2.8,0.7,snow
Tromsø,2024-12-25,-2.5,0.9,4.5,8.8,snow
Tromsø,2024-12-26,0.7,1.7,2.5,14.4,snow
Tromsø,2024-12-27,0.6,1.5,2.1,9.7,snow
Tromsø,2024-12-28,0.5,2.1,4.1,7.1,snow
Tromsø,2024-12-29,-1.8,0.4,1.8,7.3,snow
Tromsø,2024-12-30,-1.9,-0.2,1.7,9.3,snow
Tromsø,2024-12-31,-6.3,-2.5,-0.2,2.1,snow
